"Time (s)","Latitude (째)","Longitude (째)","Height (m)","Velocity (m/s)","Direction (째)","Horizontal Accuracy (m)","Vertical Accuracy (째)"
1.400860548E-1,5.193647544E1,4.477064833E0,-3.488986969E0,1.970000029E0,7.031250000E0,8.333631275E0,3.000000000E0
1.140539050E0,5.193641719E1,4.477291061E0,2.232814789E0,3.630000114E0,9.914062500E1,5.134880181E0,3.000000000E0
1.829581261E0,5.193642884E1,4.477294413E0,2.844936371E0,1.970000029E0,6.292968750E1,4.789917877E0,3.000000000E0
2.829311490E0,5.193644359E1,4.477289300E0,2.707973480E0,1.889999986E0,5.238281250E1,5.910849101E0,3.000000000E0
3.829304814E0,5.193645864E1,4.477288127E0,2.576015472E0,1.659999967E0,5.835937500E1,5.260233150E0,3.000000000E0
4.829363465E0,5.193647368E1,4.477289300E0,2.365016937E0,1.580000043E0,4.464843750E1,5.270200448E0,3.000000000E0
5.829420090E0,5.193649154E1,4.477293156E0,1.219509125E0,1.840000033E0,4.992187500E1,5.108788874E0,4.000000000E0
6.829456091E0,5.193650650E1,4.477301203E0,2.622768402E0,1.580000043E0,4.359375000E1,5.037524811E0,4.000000000E0
7.829506397E0,5.193652159E1,4.477308244E0,3.287014008E0,1.730000019E0,4.992187500E1,4.777420753E0,4.000000000E0
8.829551935E0,5.193653160E1,4.477327491E0,3.287014308E0,1.730000019E0,4.992189015E1,4.777420753E0,4.000000000E0
9.829576254E0,5.193654709E1,4.477322074E0,3.601162171E0,1.379999995E0,3.972657260E1,4.700142337E0,4.000125490E0
1.082962215E1,5.193656107E1,4.477323967E0,3.719448307E0,1.379999995E0,3.867188487E1,4.901011408E0,4.000000000E0
1.182966590E1,5.193657481E1,4.477319574E0,3.959865771E0,1.309999943E0,2.671875674E1,4.704590259E0,4.000113461E0
1.282968557E1,5.193659161E1,4.477313072E0,4.018276417E0,1.309999943E0,1.546875400E1,4.537193762E0,4.000558278E0
1.382972515E1,5.193662188E1,4.477304647E0,2.829800108E0,2.230000019E0,3.867189222E0,4.739063613E0,3.371322160E0
1.482976246E1,5.193663891E1,4.477304590E0,2.732693176E0,2.230000019E0,8.085941091E0,4.761623056E0,3.339383612E0
1.582977688E1,5.193665027E1,4.477305758E0,2.870083168E0,1.769999981E0,1.019531609E1,4.830359881E0,3.239160454E0
1.682978702E1,5.193666498E1,4.477309722E0,3.209316529E0,1.629999995E0,1.300781670E1,4.687248457E0,4.000160292E0
1.782979774E1,5.193667985E1,4.477316051E0,2.713772088E0,1.600000024E0,1.230469140E1,4.844674745E0,4.000000000E0
1.882980549E1,5.193669605E1,4.477323315E0,2.948025032E0,1.659999967E0,1.300781678E1,5.222745918E0,4.000000000E0
1.982981539E1,5.193670692E1,4.477334553E0,2.617763787E0,1.600000024E0,2.109375659E1,4.738303818E0,4.000021919E0
2.082981801E1,5.193671291E1,4.477348406E0,2.177334041E0,1.350000024E0,3.058594536E1,4.670793725E0,4.000204571E0
2.182982266E1,5.193671177E1,4.477357587E0,2.955349060E0,5.600000024E-1,4.500000453E1,4.575527619E0,4.000457848E0
2.282982564E1,5.193672791E1,4.477381239E0,2.452480575E0,1.570000052E0,3.832032364E1,4.738550337E0,3.372043555E0
2.382982790E1,5.193673521E1,4.477390841E0,2.424953628E0,1.129999995E0,3.902344565E1,4.741902510E0,3.367327964E0
2.482982934E1,5.193674842E1,4.477391648E0,2.925258826E0,1.250000000E0,1.968750482E1,4.710586458E0,3.410998718E0
2.582982957E1,5.193676171E1,4.477386540E0,3.947109420E0,1.289999962E0,1.054687772E0,4.701549807E0,3.423443652E0
2.682982922E1,5.193677582E1,4.477381642E0,3.779628986E0,1.450000048E0,3.526171854E2,4.714446165E0,3.405662107E0
2.782982755E1,5.193679039E1,4.477386579E0,4.435268634E0,1.450000048E0,4.921876424E0,4.710316956E0,3.411370870E0
2.882982576E1,5.193679920E1,4.477363026E0,1.675987199E0,1.667630013E0,3.480249099E2,8.014899487E0,1.283590449E0
2.982982254E1,5.193681273E1,4.477381092E0,2.085070411E0,1.720561653E0,6.117343551E0,8.548369586E0,1.148586120E0
3.082981884E1,5.193682681E1,4.477389492E0,1.972804121E0,1.290169709E0,3.532155933E2,7.879984517E0,1.281214001E0
3.182981551E1,5.193683686E1,4.477420925E0,2.270321164E0,1.325665301E0,7.421828733E0,7.143808717E0,1.674537604E0
3.282981002E1,5.193685772E1,4.477412472E0,2.095788726E0,1.205453514E0,1.445163272E1,6.991932328E0,1.789394218E0
3.382980573E1,5.193683637E1,4.477469466E0,1.496557009E0,1.035394945E0,3.411221190E1,6.875033224E0,1.968440109E0
3.482979965E1,5.193684806E1,4.477492026E0,1.831147863E0,1.189233000E0,3.495106956E1,7.116322896E0,1.730890855E0
3.582979310E1,5.193686837E1,4.477503776E0,1.690981626E0,1.365267746E0,3.226136791E1,7.363415984E0,1.607699622E0
3.682979000E1,5.193689248E1,4.477536848E0,1.977713955E0,1.793594655E0,3.367535216E1,7.310420036E0,1.694441688E0
3.782977962E1,5.193689964E1,4.477571116E0,8.635142837E-1,1.399924473E0,4.088727538E1,7.410434427E0,1.855226920E0
3.882977188E1,5.193690609E1,4.477573489E0,5.468271468E-1,1.165088919E0,4.418570969E1,7.342164419E0,1.969374388E0
3.982976663E1,5.193692637E1,4.477578432E0,2.155553141E0,1.355487634E0,3.658469540E1,7.219201369E0,1.954531040E0
4.082975590E1,5.193692760E1,4.477626126E0,1.576612388E0,1.359817234E0,4.540350246E1,7.114664404E0,1.989544970E0
4.182974768E1,5.193693162E1,4.477645834E0,1.105294897E0,1.172581296E0,4.538602184E1,6.877709035E0,1.966444486E0
4.282973897E1,5.193694941E1,4.477666622E0,1.828212669E0,1.271706929E0,3.616244411E1,6.573665872E0,2.143664355E0
4.382972932E1,5.193697619E1,4.477660849E0,1.475266309E0,1.341657283E0,2.797696806E1,6.363438837E0,2.238283801E0
4.482971919E1,5.193697205E1,4.477729434E0,5.361744855E-1,1.384874548E0,4.157961740E1,6.173991364E0,2.268395494E0
4.582971096E1,5.193698193E1,4.477736097E0,5.918037472E-1,1.120636264E0,3.922013243E1,5.985201646E0,2.332035218E0
4.682969999E1,5.193699164E1,4.477759858E0,1.094443459E0,1.119689334E0,4.033136904E1,5.957249969E0,2.276494266E0
4.782968986E1,5.193700020E1,4.477768488E0,8.376646684E-1,8.101794108E-1,3.863303969E1,6.224382815E0,2.082336462E0
4.882967949E1,5.193702102E1,4.477777350E0,1.001160619E0,9.965666845E-1,3.323983208E1,6.328175572E0,1.922839493E0
4.982966936E1,5.193702966E1,4.477808056E0,1.473853115E0,9.532004735E-1,4.069044113E1,6.118617129E0,2.169637615E0
5.082965815E1,5.193704351E1,4.477824550E0,1.440480007E-1,9.578672746E-1,4.007377589E1,6.121030823E0,2.262709141E0
5.182964694E1,5.193707595E1,4.477850273E0,1.470609647E0,1.682915453E0,3.474018610E1,6.085196573E0,2.344572298E0
5.282963634E1,5.193708855E1,4.477877107E0,7.504293937E-1,1.601052802E0,3.431477940E1,6.220763423E0,2.217665156E0
5.382962501E1,5.193707463E1,4.477869654E0,1.286598952E0,3.003870816E-1,3.533223615E1,6.114573500E0,2.244977573E0
5.482961369E1,5.193707389E1,4.477875462E0,9.003618723E-1,1.665861247E-1,3.533224000E1,6.001695686E0,2.309243890E0
5.582960224E1,5.193707706E1,4.477908878E0,1.074985604E0,4.397680798E-1,3.533226306E1,6.052601695E0,2.159400663E0
5.682959020E1,5.193710458E1,4.477921416E0,1.111138764E0,1.337488467E0,2.921165752E1,6.250673500E0,2.110947718E0
5.782957900E1,5.193711094E1,4.477930150E0,4.265076509E-1,1.144155526E0,3.881035156E1,6.277168871E0,2.189830102E0
5.882956672E1,5.193713742E1,4.477929620E0,1.000850440E0,1.432017860E0,3.346628056E1,6.274010134E0,2.297820595E0
5.982955432E1,5.193714420E1,4.477964701E0,7.154649440E-1,1.658952296E0,4.023553934E1,6.545674425E0,2.224365943E0
6.082954288E1,5.193718407E1,4.477972564E0,4.169686995E-1,2.263551465E0,2.954165035E1,6.866386067E0,2.084567643E0
6.182953036E1,5.193718218E1,4.477978073E0,7.394021871E-1,1.661400632E0,3.253016787E1,7.071907735E0,2.209257832E0
6.282951832E1,5.193719932E1,4.478006769E0,1.460585182E0,2.063452175E0,3.458698917E1,7.226214602E0,2.074392095E0
6.382950568E1,5.193722155E1,4.478008258E0,1.752065303E0,2.023514559E0,2.900725688E1,7.567075907E0,1.811458449E0
6.482949328E1,5.193723410E1,4.477997003E0,7.707115272E-1,1.668175055E0,2.303263191E1,7.828889835E0,1.628765639E0
6.582948065E1,5.193722709E1,4.478055139E0,1.127191801E-1,1.291876551E0,4.276286549E1,7.201639937E0,1.816906361E0
6.682946789E1,5.193722650E1,4.478084143E0,-2.936371639E-1,1.204053911E0,5.387976571E1,6.731509135E0,2.161975848E0
6.782945538E1,5.193724209E1,4.478083039E0,-7.585803419E-2,1.264078967E0,5.389981445E1,6.513878585E0,2.215517294E0
6.882944262E1,5.193726713E1,4.478072439E0,3.109235223E-1,1.359259996E0,4.501257822E1,6.706611225E0,2.222932730E0
6.982943070E1,5.193728313E1,4.478092601E0,-3.739749081E-3,1.688795343E0,4.026182436E1,6.810073058E0,2.277216302E0
7.082941771E1,5.193728798E1,4.478098599E0,-2.485819515E-1,1.438249295E0,3.927805172E1,7.057148124E0,2.219630386E0
7.182940447E1,5.193729657E1,4.478122964E0,4.385363050E-1,1.390200574E0,4.253159780E1,7.341365619E0,2.128713619E0
7.282939243E1,5.193728822E1,4.478159915E0,7.167886244E-1,1.391573765E0,5.057133817E1,7.500112382E0,2.009636101E0
7.382937837E1,5.193729114E1,4.478190213E0,-6.151393885E-1,1.304016630E0,5.704261180E1,7.635505620E0,2.087126867E0
7.482936573E1,5.193730351E1,4.478219334E0,-7.714111265E-2,1.329822976E0,5.813261855E1,7.551636667E0,2.155598498E0
7.582935286E1,5.193732817E1,4.478236426E0,6.937806047E-1,1.411890904E0,5.099939445E1,7.321836365E0,2.238081894E0
7.682934046E1,5.193732754E1,4.478299088E0,1.044313096E0,1.640059801E0,5.478497278E1,6.639593728E0,2.489038357E0
7.782932758E1,5.193732660E1,4.478350974E0,7.681677546E-1,1.560324189E0,5.974361452E1,6.469975394E0,2.523716741E0
7.882931364E1,5.193733561E1,4.478372690E0,4.933475796E-2,1.576755533E0,5.767289722E1,6.390598643E0,2.445349885E0
7.982930076E1,5.193733138E1,4.478393281E0,4.988498054E-2,1.327013514E0,6.455600452E1,6.526062450E0,2.326503903E0
8.082928705E1,5.193735289E1,4.478403576E0,-1.876921095E-1,1.652230929E0,5.578447809E1,6.446728091E0,2.417854497E0
8.182927346E1,5.193739146E1,4.478401513E0,-2.889134791E-1,2.287826501E0,3.557087126E1,6.632368713E0,2.468903249E0
8.282926238E1,5.193739299E1,4.478409122E0,1.397588123E-1,1.672732950E0,3.357941677E1,6.475845039E0,2.512867399E0
8.382924831E1,5.193740956E1,4.478423535E0,2.327087913E-1,1.750347961E0,3.062127120E1,6.778501829E0,2.430586861E0
8.482923436E1,5.193742116E1,4.478424469E0,-6.591257593E-1,1.510688124E0,2.855943835E1,7.249293234E0,2.286843082E0
8.582922125E1,5.193742797E1,4.478429501E0,2.378536602E-1,1.181034046E0,2.763038832E1,7.703749608E0,2.032979007E0
8.682920825E1,5.193744417E1,4.478434258E0,1.280257339E-1,1.279726021E0,3.025549009E1,7.425950740E0,1.995384892E0
8.782919490E1,5.193745441E1,4.478429020E0,-1.111833565E-2,1.158503416E0,2.639325881E1,7.219961053E0,2.138856508E0
8.882918239E1,5.193746140E1,4.478420218E0,-2.197904224E-1,7.423929574E-1,1.734260609E1,7.522758521E0,2.082845372E0
8.982916844E1,5.193746257E1,4.478450236E0,-4.291251702E-1,8.461087914E-1,3.096994935E1,7.932256625E0,1.707057229E0
9.082915485E1,5.193747378E1,4.478458490E0,-1.644357685E-1,9.660716726E-1,2.883928001E1,8.177495695E0,1.588432093E0
9.182914150E1,5.193750319E1,4.478469042E0,1.499207104E-1,1.395720676E0,2.530974293E1,8.329490251E0,1.455605371E0
9.282912815E1,5.193751857E1,4.478462504E0,-2.481703358E-1,1.385411045E0,2.297602109E1,8.447196326E0,1.382863214E0
9.382911396E1,5.193753752E1,4.478507104E0,-1.806728654E-1,1.663822022E0,2.853602182E1,8.705507133E0,1.395631874E0
9.482910252E1,5.193755044E1,4.478529536E0,-4.556011455E-1,1.666499623E0,3.126711004E1,8.976606894E0,1.396236216E0
9.582908821E1,5.193756210E1,4.478549129E0,5.304765571E-1,1.668110625E0,3.396212117E1,9.126499838E0,1.349579275E0
9.682907438E1,5.193757728E1,4.478553137E0,4.431152809E-1,1.436197088E0,3.318918685E1,9.015393444E0,1.303813189E0
9.782906187E1,5.193756537E1,4.478593577E0,1.111701922E-1,1.193037375E0,4.567911058E1,9.148759116E0,1.247635161E0
9.882904804E1,5.193757930E1,4.478643860E0,9.487765990E-1,1.614286676E0,5.317941865E1,9.262487203E0,1.257422576E0
9.982903421E1,5.193757745E1,4.478672729E0,1.277326485E-1,1.476640101E0,5.781346731E1,9.315158869E0,1.238181509E0
1.008290215E2,5.193758254E1,4.478701777E0,8.712477023E-1,1.520615034E0,5.803203557E1,9.460138655E0,1.195611188E0
1.018290075E2,5.193761072E1,4.478636816E0,-5.242386833E-4,1.146409193E0,3.756595932E1,9.767572587E0,1.242500472E0
1.028289945E2,5.193761907E1,4.478667124E0,2.210738147E-1,1.278497891E0,4.129351717E1,9.696524790E0,1.248146188E0
1.038289809E2,5.193762424E1,4.478729815E0,9.070739895E-2,1.519235749E0,5.027321012E1,9.692924725E0,1.229992553E0
1.048289671E2,5.193762410E1,4.478784676E0,9.127248442E-1,1.365456517E0,5.850750497E1,9.473475802E0,1.250234751E0
1.058289540E2,5.193763970E1,4.478804510E0,1.391764684E-1,1.321241878E0,5.711620593E1,9.326534859E0,1.278292255E0
1.068289406E2,5.193765830E1,4.478793270E0,4.215417597E-1,1.190611834E0,4.891278499E1,9.342226879E0,1.285532645E0
1.078289267E2,5.193767126E1,4.478831370E0,-1.222071471E-1,1.190386029E0,5.625129979E1,9.261840238E0,1.419797456E0
1.088289137E2,5.193771474E1,4.478755021E0,8.635348678E-1,1.119160705E0,2.504576776E1,9.137883777E0,1.595402853E0
1.098288999E2,5.193773470E1,4.478720494E0,1.187373791E-2,8.012762590E-1,3.495904724E2,8.872400488E0,1.722452003E0
1.108288870E2,5.193774442E1,4.478717312E0,1.352945631E-1,7.694634324E-1,3.556083837E2,7.851699003E0,2.133576002E0
1.118288735E2,5.193775221E1,4.478723308E0,3.390149232E-1,9.752961766E-1,2.690618867E-1,7.690685371E0,2.244142038E0
1.128288599E2,5.193776656E1,4.478740092E0,4.073393745E-1,1.116689063E0,6.641917259E0,7.402919158E0,2.332824922E0
1.138288466E2,5.193776937E1,4.478791813E0,5.622531902E-1,1.217421621E0,1.546402619E1,7.329201959E0,2.369944192E0
1.148288333E2,5.193777496E1,4.478814266E0,4.982532114E-1,1.314151041E0,1.999926587E1,7.368019931E0,2.216404076E0
1.158288187E2,5.193778367E1,4.478845622E0,4.095511176E-1,1.418135370E0,2.541845368E1,7.418366540E0,1.922039915E0
1.168288062E2,5.193779212E1,4.478907939E0,-2.901494838E-1,1.583277204E0,3.471840432E1,7.441150815E0,1.650908393E0
1.178287925E2,5.193780858E1,4.478916578E0,4.948311476E-1,1.637047630E0,3.401327475E1,7.892305400E0,1.366621375E0
1.188287792E2,5.193783414E1,4.478943402E0,1.599056935E-1,1.783248088E0,3.485941681E1,8.024334946E0,1.342725962E0
1.198287650E2,5.193783354E1,4.478958377E0,-3.890843904E-1,1.429058754E0,3.860869794E1,8.342735344E0,1.341887371E0
1.208287522E2,5.193783989E1,4.478987060E0,8.155077975E-1,1.509687926E0,4.133999705E1,8.181013040E0,1.358420965E0
1.218287386E2,5.193784804E1,4.478985910E0,-1.260619688E0,9.236860749E-1,4.377549869E1,8.292762158E0,1.392291330E0
1.228287252E2,5.193788465E1,4.479022403E0,8.240572885E-1,1.901514641E0,3.916361151E1,7.606907016E0,1.871629772E0
1.238287115E2,5.193789812E1,4.479022739E0,1.819908116E-1,1.676340968E0,3.274239123E1,7.637487688E0,1.865390803E0
1.248286977E2,5.193790401E1,4.479050272E0,1.220392706E-1,1.181176763E0,3.272845025E1,7.343212383E0,1.946969826E0
1.258286846E2,5.193790909E1,4.479060633E0,-2.898267433E-1,1.059566282E0,3.194948255E1,7.791810904E0,1.618832307E0
1.268286705E2,5.193790913E1,4.479118933E0,-2.877396997E-2,1.242840043E0,4.280251257E1,7.489565083E0,1.605275458E0
1.278305526E2,5.193791098E1,4.479145056E0,-1.982347304E-1,1.348528177E0,4.683629386E1,7.337868466E0,1.616161828E0
1.288305571E2,5.193793478E1,4.479125690E0,-4.861388355E-3,1.500919699E0,3.873226047E1,7.280434401E0,1.557017918E0
1.298305306E2,5.193794733E1,4.479150488E0,-8.692101296E-2,1.594539606E0,3.824761050E1,6.884363067E0,1.730903919E0
1.308305277E2,5.193794376E1,4.479169563E0,2.773684589E-1,1.539712751E0,4.220642613E1,6.648300722E0,1.905927365E0
1.318305269E2,5.193791867E1,4.479257577E0,3.851937298E-1,1.242559606E0,5.952482087E1,6.271102893E0,1.934977349E0
1.328304982E2,5.193792921E1,4.479264506E0,2.508119978E-1,1.314563892E0,5.694458188E1,6.073337072E0,2.066380847E0
1.338304961E2,5.193792802E1,4.479296988E0,-6.748335343E-2,1.238375958E0,5.795006883E1,6.063587295E0,2.212708899E0
1.348304951E2,5.193794688E1,4.479284818E0,-5.795720713E-1,6.034050752E-1,2.396311842E1,6.033136909E0,2.274135244E0
1.358304639E2,5.193795936E1,4.479299385E0,-9.541333094E-2,6.647005176E-1,2.639087558E1,6.199955465E0,2.114568809E0
1.368304573E2,5.193796226E1,4.479327820E0,-1.538042352E-1,7.367929727E-1,4.210239210E1,6.494146323E0,1.843712245E0
1.378304580E2,5.193797080E1,4.479350776E0,-2.705509011E-1,9.863860215E-1,4.426044354E1,6.743380505E0,1.638365945E0
1.388304303E2,5.193798654E1,4.479348736E0,-2.985330392E-1,1.109509677E0,3.739887264E1,6.864481844E0,1.518956043E0
1.398304274E2,5.193799791E1,4.479346659E0,4.578703074E-1,1.098669250E0,3.286441517E1,7.060953684E0,1.359698615E0
1.408304229E2,5.193802258E1,4.479363004E0,-8.922606334E-2,1.372887458E0,3.482090091E1,6.896026999E0,1.661277510E0
1.418303920E2,5.193803277E1,4.479373366E0,9.720803238E-2,1.422459781E0,3.469440463E1,7.249676393E0,1.608246176E0
1.428303592E2,5.193803337E1,4.479394804E0,-1.205932535E-2,1.206468586E0,3.950003479E1,7.492488175E0,1.627664781E0
1.438303280E2,5.193804592E1,4.479422592E0,8.534508711E-1,1.403600418E0,4.060762199E1,7.708671287E0,1.731206690E0
1.448302960E2,5.193806068E1,4.479432909E0,6.585568348E-1,1.361005338E0,4.002840810E1,7.993640432E0,1.633898785E0
1.458302673E2,5.193808346E1,4.479408273E0,-9.312719107E-3,1.245061779E0,2.618078018E1,8.628556234E0,1.395019764E0
1.468302388E2,5.193810099E1,4.479461087E0,1.116497833E-1,1.453365497E0,3.137474034E1,8.272482086E0,1.360205683E0
1.478302110E2,5.193810199E1,4.479447708E0,2.224630760E-1,1.184082423E0,2.555964145E1,8.463598737E0,1.349847652E0
1.488301824E2,5.193811291E1,4.479420853E0,5.636188854E-2,9.872243921E-1,1.822755227E1,7.981654436E0,1.498681597E0
1.498301564E2,5.193812095E1,4.479429770E0,-8.658603420E-1,9.062755707E-1,1.665240134E1,8.041747920E0,1.448769974E0
1.508301311E2,5.193815041E1,4.479442281E0,1.883508358E-1,1.399141948E0,1.978736311E1,8.344272999E0,1.306622010E0
1.518301052E2,5.193814531E1,4.479405634E0,2.843543245E-1,1.164479392E0,1.187586186E1,8.279896721E0,1.372048186E0
1.528300806E2,5.193816048E1,4.479457171E0,-2.916820263E-1,1.076963115E0,1.885102238E1,8.175457938E0,1.288947583E0
1.538300564E2,5.193818469E1,4.479473317E0,5.022402722E-1,1.617821387E0,1.981371345E1,8.194447678E0,1.310069602E0
1.548300326E2,5.193818636E1,4.479460793E0,7.750199474E-1,1.300105760E0,1.690615534E1,8.503948170E0,1.356513369E0
1.558300103E2,5.193821559E1,4.479465638E0,-6.177551206E-2,1.481558032E0,1.558522234E1,8.520912624E0,1.362087375E0
1.568299868E2,5.193824833E1,4.479415959E0,9.886130691E-2,1.633462741E0,1.814434521E0,8.563473638E0,1.326747688E0
1.578299658E2,5.193825458E1,4.479455648E0,-8.931299485E-2,2.172979577E0,1.272106862E1,8.043085234E0,1.543466966E0
1.588299429E2,5.193826744E1,4.479451616E0,-2.979034120E-1,1.639939581E0,1.168254738E1,8.268911429E0,1.887953360E0
1.598299212E2,5.193828325E1,4.479478182E0,4.573782813E-2,1.672934693E0,1.762953401E1,8.528419581E0,2.067440038E0
1.608299011E2,5.193829415E1,4.479505696E0,-2.571771536E-1,1.656717797E0,2.285139995E1,8.679849415E0,2.052744651E0
1.618298795E2,5.193830415E1,4.479484695E0,1.476072576E-1,1.350260051E0,1.302535907E1,9.316547291E0,1.693792698E0
1.628298589E2,5.193831368E1,4.479489319E0,7.125655385E-1,1.264220397E0,1.297523258E1,1.014802682E1,1.268010639E0
1.638298396E2,5.193831688E1,4.479524902E0,1.084975661E0,1.132920935E0,2.271148733E1,1.063173228E1,1.305249079E0
1.648298197E2,5.193833580E1,4.479512651E0,9.924159171E-1,1.149374744E0,1.314331404E1,1.088898811E1,1.340003565E0
1.658297998E2,5.193839993E1,4.479523087E0,7.087781215E-1,2.611924513E0,1.486777196E1,1.062576254E1,1.410532446E0
1.668297806E2,5.193838605E1,4.479543956E0,9.377917061E-1,1.628188186E0,2.207928139E1,1.065816254E1,1.403804113E0
1.678297616E2,5.193839732E1,4.479545517E0,5.825862251E-1,1.536263523E0,2.409989545E1,1.075251205E1,1.351214264E0
1.688297428E2,5.193840800E1,4.479569641E0,3.169980925E-1,1.632114296E0,2.766116300E1,1.126925813E1,1.327749863E0
1.698297236E2,5.193843105E1,4.479552040E0,1.088515047E0,1.056770557E0,2.400270236E1,1.165831605E1,1.279373072E0
1.708297052E2,5.193843104E1,4.479564337E0,8.663776582E-1,7.093632737E-1,3.059546251E1,1.243099515E1,1.254243438E0
1.718296865E2,5.193844300E1,4.479545986E0,9.635009021E-1,5.532275488E-1,1.664624663E1,1.298931172E1,1.284748233E0
1.728296690E2,5.193845326E1,4.479527266E0,3.281120015E-1,4.960785133E-1,1.664623495E1,1.300509666E1,1.342574705E0
1.738296511E2,5.193848214E1,4.479517604E0,2.249192698E-1,1.253002956E0,1.177689701E1,1.249084693E1,1.360859776E0
1.748296335E2,5.193849023E1,4.479579414E0,7.163532684E-1,1.432003058E0,2.477139882E1,1.274364609E1,1.343330081E0
1.758296151E2,5.193850104E1,4.479579082E0,-6.666914942E-1,1.239426226E0,2.337516131E1,1.348985198E1,1.315037420E0
1.768295974E2,5.193850878E1,4.479611636E0,9.260018729E-2,1.314764319E0,2.972279113E1,1.381677827E1,1.318359204E0
1.778295803E2,5.193853337E1,4.479604662E0,7.206887538E-1,1.578810763E0,2.549930690E1,1.438374468E1,1.294106260E0
1.788295627E2,5.193853947E1,4.479588304E0,1.136891068E0,1.396280738E0,2.022977397E1,1.488460279E1,1.270014751E0
1.798295457E2,5.193854803E1,4.479575299E0,3.162349667E-1,1.159311362E0,1.492210822E1,1.534343071E1,1.284419508E0
1.808295287E2,5.193855338E1,4.479597932E0,5.948680174E-1,1.306166799E0,1.926680403E1,1.569256208E1,1.313277233E0
1.818295113E2,5.193857549E1,4.479547550E0,3.628148250E-1,1.182976643E0,5.824145876E0,1.468029782E1,1.295263260E0
1.828294942E2,5.193860557E1,4.479519210E0,2.127051121E-1,1.505402555E0,3.575866012E-1,1.440681447E1,1.240728710E0
1.838294779E2,5.193862936E1,4.479519794E0,6.847501565E-1,1.525307160E0,5.623898058E-1,1.364820892E1,1.218572425E0
1.848294617E2,5.193863776E1,4.479509677E0,5.942369411E-1,1.295292685E0,6.750439804E-1,1.365591501E1,1.209785960E0
1.858294445E2,5.193866803E1,4.479510854E0,-1.109692352E-1,1.359169811E0,1.967797984E0,1.283481535E1,1.216570129E0
1.868294271E2,5.193868890E1,4.479467004E0,4.857258480E-1,1.233267042E0,3.542074224E2,1.219057840E1,1.242049434E0
1.878294110E2,5.193870146E1,4.479480312E0,2.045746408E-1,1.278706270E0,3.574452646E2,1.262190800E1,1.260236441E0
1.888293946E2,5.193869025E1,4.479489402E0,2.353498442E-1,1.031911475E0,3.592628460E2,1.278399216E1,1.354429539E0
1.898293778E2,5.193871937E1,4.479466991E0,5.300595621E-1,1.446978500E0,3.570402894E2,1.294767831E1,1.341204327E0
1.908293616E2,5.193872528E1,4.479458048E0,2.507258663E-1,1.113459556E0,3.531191381E2,1.099786744E1,1.351846661E0
1.918293450E2,5.193874321E1,4.479461629E0,-1.737489142E-1,1.008338851E0,3.492904222E2,1.004117173E1,1.527291460E0
1.928293285E2,5.193876127E1,4.479469592E0,-2.190582268E-1,1.236938953E0,3.499637985E2,8.759818294E0,1.795775635E0
1.938293126E2,5.193878021E1,4.479463339E0,1.087153982E-2,1.262051556E0,3.490070448E2,8.741498087E0,1.866825805E0
1.948292958E2,5.193879960E1,4.479541022E0,6.103511881E-1,1.165927745E0,3.236706259E0,7.984121217E0,1.921057717E0
1.958292793E2,5.193881423E1,4.479523371E0,4.600262903E-1,1.185453455E0,3.596752315E2,8.185600753E0,2.061579091E0
1.968292630E2,5.193883986E1,4.479514788E0,1.875631055E-1,1.399147445E0,3.587501507E2,7.989167249E0,2.357911805E0
1.978292472E2,5.193883671E1,4.479550750E0,4.824082768E-1,1.164449124E0,3.582016073E2,7.493383211E0,2.303535017E0
1.988292311E2,5.193884984E1,4.479529735E0,1.150376460E0,1.209923976E0,3.524672130E2,7.849044611E0,2.096557520E0
1.998292140E2,5.193885996E1,4.479509016E0,4.601061987E-1,1.239412401E0,3.480557992E2,8.218283367E0,1.915635560E0
2.008291984E2,5.193889523E1,4.479504134E0,-5.795327602E-1,1.676734864E0,3.501248340E2,7.988215334E0,2.144112814E0
2.018291823E2,5.193890950E1,4.479465128E0,-1.146735903E-1,1.665656665E0,3.414885805E2,8.322984827E0,2.078810041E0
2.028291664E2,5.193891502E1,4.479455095E0,3.707624525E-1,1.419736138E0,3.366003376E2,8.655467425E0,2.080197193E0
2.038291508E2,5.193892048E1,4.479474348E0,2.825050438E-1,1.154761167E0,3.428154227E2,8.502255028E0,2.195763179E0
2.048291343E2,5.193892452E1,4.479462488E0,1.954950849E-1,1.132968130E0,3.390705861E2,8.184989110E0,2.229858004E0
2.058291190E2,5.193895037E1,4.479455075E0,3.649770217E-1,1.456446056E0,3.442062529E2,7.929000085E0,2.385200902E0
2.068291029E2,5.193895710E1,4.479463736E0,2.733031735E-1,1.528339503E0,3.465072581E2,7.741131448E0,2.284947578E0
2.078290864E2,5.193897213E1,4.479465608E0,4.404586051E-1,1.552787773E0,3.484236071E2,7.700817513E0,2.097826811E0
2.088290710E2,5.193898804E1,4.479439494E0,6.702665649E-1,1.776317175E0,3.463832729E2,7.370710917E0,1.751201437E0
2.098290551E2,5.193898929E1,4.479409898E0,1.997806542E-1,1.568938789E0,3.393490311E2,7.095761814E0,1.349108781E0
2.108290390E2,5.193899441E1,4.479332292E0,-1.982872458E-1,1.465899050E0,3.328690470E2,6.545485146E0,1.249578601E0
2.118290234E2,5.193900102E1,4.479327965E0,9.131989349E-2,1.157326236E0,3.364415401E2,6.249910922E0,1.253221574E0
2.128290076E2,5.193902038E1,4.479329159E0,3.421569848E-1,1.149499805E0,3.451558509E2,6.552460764E0,1.264854995E0
2.138289914E2,5.193903648E1,4.479311591E0,3.883056762E-1,1.193844071E0,3.439185175E2,6.668639053E0,1.399755946E0
2.148289764E2,5.193903373E1,4.479293326E0,6.381498603E-1,9.623751911E-1,3.328684945E2,6.006754662E0,1.414956741E0
2.158289593E2,5.193907541E1,4.479275438E0,1.667499300E-1,1.288400658E0,3.409689859E2,5.878190070E0,1.525608667E0
2.168289441E2,5.193910104E1,4.479295363E0,3.305076715E-2,1.093818432E0,3.536330712E2,5.668417485E0,1.742939178E0
2.178289284E2,5.193913599E1,4.479288272E0,3.014323935E-1,1.704467079E0,3.546056270E2,5.766682144E0,1.658329186E0
2.188289120E2,5.193914582E1,4.479289179E0,-5.400276175E-1,1.583007351E0,3.544088879E2,5.426015287E0,2.093536515E0
2.198288959E2,5.193915739E1,4.479281046E0,-1.248508189E-1,1.553040429E0,3.506651289E2,5.392806106E0,2.177654549E0
2.208288809E2,5.193918322E1,4.479285710E0,3.892042087E-1,1.759949919E0,3.582088362E2,5.344233003E0,2.294277804E0
2.218288647E2,5.193920602E1,4.479283560E0,7.347028609E-2,1.792691413E0,3.578650848E2,5.349521358E0,2.281919865E0
2.228288488E2,5.193921011E1,4.479278365E0,2.245775852E-1,1.776898303E0,3.552958234E2,5.530731974E0,2.443524269E0
2.238288341E2,5.193923184E1,4.479301067E0,-1.558909807E-1,1.631843464E0,6.436668406E0,5.886214610E0,2.549869141E0
2.248288181E2,5.193924795E1,4.479323856E0,-1.698549427E-1,1.550335718E0,1.603596633E1,6.325968345E0,2.562421059E0
2.258288018E2,5.193926338E1,4.479323950E0,3.125772569E-1,1.601781564E0,1.470977222E1,6.637918442E0,2.523344119E0
2.268287863E2,5.193926620E1,4.479327618E0,9.774199342E-1,1.320941940E0,1.890128669E1,6.864144759E0,2.539472476E0
2.278287697E2,5.193926742E1,4.479340747E0,4.208792308E-1,1.070827628E0,2.755055727E1,7.252323395E0,2.487365578E0
2.288287550E2,5.193926205E1,4.479394889E0,3.004861195E-1,1.069568522E0,5.120315430E1,6.803319151E0,2.538374010E0
2.298287390E2,5.193925608E1,4.479466736E0,3.472335543E-2,1.458226216E0,7.502357073E1,6.404244920E0,2.539786928E0
2.308287226E2,5.193925874E1,4.479489211E0,-4.515544334E-1,1.551946862E0,7.350467695E1,6.312194296E0,2.520843083E0
2.318287075E2,5.193926596E1,4.479511721E0,9.703802131E-2,1.666678429E0,7.098229367E1,6.521567422E0,2.514914190E0
2.328286920E2,5.193926213E1,4.479514925E0,2.236890420E-2,1.153034995E0,7.605886026E1,6.426006862E0,2.526230437E0
2.338286763E2,5.193926910E1,4.479585497E0,2.734963913E-1,1.823951254E0,7.171281749E1,6.337736836E0,2.531423876E0
2.348286599E2,5.193927453E1,4.479583300E0,9.991071280E-2,1.540579547E0,7.298520786E1,6.013206361E0,2.503617600E0
2.358286440E2,5.193928532E1,4.479601232E0,4.426463405E-1,1.579783231E0,6.694719748E1,6.148811305E0,2.343202611E0
2.368286283E2,5.193928930E1,4.479623447E0,1.485626837E-1,1.585851450E0,6.418381196E1,6.233470101E0,2.117060013E0
2.378286126E2,5.193930198E1,4.479620715E0,4.870522004E-1,1.362702336E0,5.451354892E1,6.203992042E0,1.838613837E0
2.388285968E2,5.193931463E1,4.479603973E0,5.325278323E-1,1.114665248E0,4.352435846E1,6.302342506E0,1.705092189E0
2.398285815E2,5.193932221E1,4.479580541E0,7.124813478E-1,7.706347777E-1,2.398035884E1,6.151223491E0,1.388096122E0
2.408285649E2,5.193932415E1,4.479597983E0,8.159569697E-1,6.916096309E-1,1.945536688E1,6.321833829E0,1.285100215E0
2.418285502E2,5.193934544E1,4.479595855E0,7.544747312E-1,7.994556299E-1,1.896798072E1,6.877207124E0,1.297549865E0
2.428285344E2,5.193934461E1,4.479592107E0,6.838118099E-2,6.103798258E-1,1.266826025E1,7.352022738E0,1.323898690E0
2.438285189E2,5.193935564E1,4.479591510E0,2.941994406E-1,6.487861958E-1,1.266825910E1,8.205181668E0,1.368522612E0
2.448285023E2,5.193939036E1,4.479586486E0,3.898894861E-1,1.241238594E0,4.035025592E0,7.330662270E0,1.321244161E0
2.458284870E2,5.193939304E1,4.479586742E0,-3.988656504E-1,1.209927412E0,2.431709434E-1,6.847471841E0,1.296004349E0
2.468284709E2,5.193940780E1,4.479566989E0,3.256482184E-1,1.176048154E0,3.479187956E2,6.361938379E0,1.421433306E0
2.478284554E2,5.193942688E1,4.479566249E0,3.220067266E-1,1.286869472E0,3.527753603E2,6.020217879E0,1.619302401E0
2.488284402E2,5.193943912E1,4.479563131E0,5.419682339E-2,1.206711495E0,3.493403258E2,5.829366176E0,1.732316282E0
2.498284239E2,5.193945935E1,4.479566725E0,6.709990148E-1,1.157207791E0,3.503610217E2,5.664246169E0,1.838117667E0
2.508284092E2,5.193950009E1,4.479546981E0,2.833427759E-1,1.135351674E0,3.453269065E2,5.399738000E0,2.160408888E0
2.518283930E2,5.193954583E1,4.479533143E0,-1.655467609E-1,7.819632200E-1,3.475931523E2,5.215094738E0,2.574358931E0
2.528283775E2,5.193956136E1,4.479531480E0,1.933350600E-2,1.276199498E-1,3.308324628E2,5.154080180E0,2.694437701E0
2.538303474E2,5.193956139E1,4.479529273E0,-2.281023171E-1,1.893742830E-1,3.308324598E2,5.204531199E0,2.595648673E0
2.548303624E2,5.193957819E1,4.479512384E0,3.721537050E-1,7.229060733E-1,3.191548102E2,5.253705223E0,2.494617898E0
2.558303483E2,5.193958169E1,4.479504587E0,3.098464571E-3,4.428617329E-1,2.893055235E2,5.179831912E0,2.644594184E0
2.568303595E2,5.193958817E1,4.479508919E0,3.043537000E-1,3.734979667E-1,2.889811490E2,5.170058603E0,2.663649953E0
2.578303641E2,5.193959357E1,4.479492776E0,2.314981725E-1,6.514867701E-1,2.871710641E2,5.315824044E0,2.359354100E0
2.588303436E2,5.193960286E1,4.479496267E0,5.599882994E-1,7.010726965E-1,3.052020226E2,5.564714134E0,1.907209298E0
2.598303492E2,5.193961435E1,4.479481449E0,1.617182493E-1,8.561222420E-1,3.115198298E2,5.711960070E0,1.780424727E0
2.608303568E2,5.193962075E1,4.479486832E0,3.095347295E-1,8.196589959E-1,3.260663598E2,5.336606106E0,2.311962867E0
2.618303351E2,5.193962720E1,4.479485225E0,3.789115082E-1,7.763933476E-1,3.307803553E2,5.358656682E0,2.294177810E0
2.628303374E2,5.193964357E1,4.479486661E0,2.265032753E-2,8.651425825E-1,3.374154760E2,5.483373087E0,2.295196449E0
2.638303410E2,5.193965269E1,4.479483051E0,-1.444081943E-1,8.347422872E-1,3.377987846E2,5.600548566E0,2.311419029E0
2.648303183E2,5.193966661E1,4.479500067E0,1.260137445E0,7.687370172E-1,3.485625319E2,5.610117012E0,2.324504833E0
2.658303227E2,5.193968045E1,4.479491423E0,3.505534539E-1,7.406720688E-1,3.474708225E2,5.829112819E0,2.181548911E0
2.668303250E2,5.193968577E1,4.479482153E0,6.927259378E-1,6.710675975E-1,3.419770759E2,6.234778190E0,1.989033978E0
2.678303039E2,5.193968367E1,4.479460808E0,1.461343151E-1,6.238269180E-1,3.287509221E2,6.487613471E0,1.952685871E0
2.688302821E2,5.193969563E1,4.479447120E0,3.860975709E-1,8.458480644E-1,3.273400278E2,6.763801120E0,1.828759010E0
2.698302594E2,5.193970864E1,4.479423769E0,-1.836826056E-1,1.155019609E0,3.268479755E2,6.960693316E0,1.720499052E0
2.708302366E2,5.193972763E1,4.479425713E0,6.395870624E-1,1.271947761E0,3.311602145E2,7.284203021E0,1.510147509E0
2.718302161E2,5.193975312E1,4.479433054E0,3.503116053E-1,1.377793175E0,3.359484228E2,7.498319581E0,1.333167974E0
2.728301944E2,5.193976077E1,4.479430326E0,7.846420053E-1,1.265665452E0,3.364339066E2,7.440300712E0,1.433295018E0
2.738301731E2,5.193979922E1,4.479447468E0,4.563659234E-1,1.421705181E0,3.456804451E2,7.236779383E0,1.790138799E0
2.748301518E2,5.193982590E1,4.479447185E0,3.341662725E-1,1.371880424E0,3.480041386E2,7.478638700E0,1.838978435E0
2.758301312E2,5.193984408E1,4.479448309E0,3.224936360E-1,1.308294309E0,3.493593914E2,7.767923626E0,1.856553363E0
2.768301105E2,5.193986101E1,4.479466997E0,-1.318971021E-1,1.168839456E0,3.566536948E2,7.789968637E0,1.888409267E0
2.778300905E2,5.193988089E1,4.479482961E0,5.857641604E-1,1.175526446E0,3.379842054E0,8.235400330E0,1.780901121E0
2.788300705E2,5.193990612E1,4.479500234E0,-1.674047327E-1,1.410662649E0,7.931265490E0,8.396554791E0,1.666363702E0
2.798300512E2,5.193991980E1,4.479499574E0,2.608847125E-1,1.273169785E0,7.478114487E0,8.312774326E0,1.677723729E0
2.808300308E2,5.193993985E1,4.479527492E0,7.177539598E-1,1.266576360E0,1.221359842E1,8.832576881E0,1.498822045E0
2.818300118E2,5.193995671E1,4.479519810E0,9.679639181E-1,1.176475859E0,8.338049596E0,9.132228077E0,1.379878652E0
2.828299928E2,5.193994654E1,4.479455521E0,5.053828852E-1,6.864719557E-1,3.408842112E2,8.687590032E0,1.426347900E0
2.838299744E2,5.193997488E1,4.479458480E0,1.864322079E-1,1.001412036E0,3.563206790E2,8.364611143E0,1.490803144E0
2.848299550E2,5.194000835E1,4.479511073E0,1.054053802E0,1.273261336E0,8.893223927E0,7.810174967E0,1.486465178E0
2.858299356E2,5.194003717E1,4.479518655E0,4.912704732E-1,1.581441445E0,7.063268067E0,8.074130057E0,1.180801010E0
2.868299176E2,5.194004324E1,4.479512307E0,6.657478018E-1,1.364290484E0,5.085544060E0,8.504232060E0,1.165272215E0
2.878298985E2,5.194005927E1,4.479495184E0,8.037551539E-1,1.308682851E0,3.578440316E2,8.467797436E0,1.154275307E0
2.888298796E2,5.194006977E1,4.479469861E0,7.834928771E-1,1.325031588E0,3.475743708E2,8.033760830E0,1.837954980E0
2.898298614E2,5.194007484E1,4.479431144E0,8.686866984E-2,1.407214871E0,3.399077465E2,7.855482901E0,2.091237936E0
2.908298436E2,5.194008769E1,4.479381306E0,9.630249469E-1,1.422954460E0,3.311068741E2,7.461935943E0,2.315034949E0
2.918298254E2,5.194012280E1,4.479387936E0,5.585127706E-1,1.463947167E0,3.386263005E2,7.670130035E0,2.332931598E0
2.928298064E2,5.194014416E1,4.479373732E0,-9.775032764E-1,1.491298445E0,3.404613890E2,7.864032676E0,2.248683268E0
2.938297892E2,5.194014746E1,4.479268130E0,1.274556044E0,1.734345366E0,3.253181503E2,7.657903234E0,2.076356778E0
2.948297712E2,5.194016168E1,4.479256768E0,7.784455400E-1,1.714792837E0,3.259590825E2,8.227399329E0,1.940682666E0
2.958297524E2,5.194017772E1,4.479265313E0,4.555841191E-1,1.522431601E0,3.312430234E2,8.716217613E0,1.836214751E0
2.968297354E2,5.194018683E1,4.479285450E0,1.595307067E-1,1.255147201E0,3.387222766E2,8.980170477E0,1.766847848E0
2.978297176E2,5.194021683E1,4.479298367E0,5.692291362E-1,1.562169450E0,3.438575360E2,9.413275120E0,1.713377388E0
2.988296998E2,5.194023148E1,4.479293072E0,8.249382051E-1,1.371522091E0,3.436925783E2,1.001086430E1,1.541241869E0
2.998296813E2,5.194022363E1,4.479275249E0,2.541106287E-1,8.313451419E-1,3.266895990E2,1.010200383E1,1.676155617E0
3.008296640E2,5.194024082E1,4.479276588E0,2.567253839E-1,8.849984700E-1,3.315746040E2,1.024220019E1,1.711993818E0
3.018296463E2,5.194026409E1,4.479277717E0,2.009484787E-1,1.073628415E0,3.392522112E2,1.052458641E1,1.667651189E0
3.028296297E2,5.194027320E1,4.479295355E0,2.132668588E-1,9.758913624E-1,3.470791856E2,1.092962592E1,1.601069144E0
3.038296117E2,5.194030299E1,4.479278178E0,1.298710647E0,1.425706772E0,3.445416105E2,1.121696132E1,1.540656947E0
3.048295952E2,5.194031591E1,4.479300556E0,5.610750280E-1,1.233759161E0,3.511635122E2,1.170117048E1,1.433747706E0
3.058295770E2,5.194034935E1,4.479293966E0,6.056962907E-1,1.490123352E0,3.503225699E2,1.177716434E1,1.445443691E0
3.068295592E2,5.194034959E1,4.479295785E0,1.153169965E0,1.244770677E0,3.505085732E2,1.212983650E1,1.348017493E0
3.078295416E2,5.194036419E1,4.479311805E0,5.261776242E-1,1.324199102E0,3.555173067E2,1.239418844E1,1.299921049E0
3.088295249E2,5.194037974E1,4.479316921E0,1.135478615E0,1.439664373E0,3.567042641E2,1.288931298E1,1.255236170E0
3.098295075E2,5.194041132E1,4.479369706E0,1.541757762E0,1.623549608E0,4.767214472E0,1.206746949E1,1.269777251E0
3.108294911E2,5.194041814E1,4.479386922E0,1.616507736E0,1.173455139E0,1.126965711E0,1.139746434E1,1.669738642E0
3.118294736E2,5.194040983E1,4.479391489E0,2.232578712E0,7.262289169E-1,3.814011892E0,1.123361569E1,1.474798057E0
3.128294557E2,5.194043160E1,4.479318509E0,2.133161678E0,1.027005707E0,3.406654736E2,8.044434325E0,1.190398583E0
3.138294387E2,5.194044741E1,4.479298194E0,1.900218218E0,1.075217855E0,3.435322342E2,8.319415087E0,1.284383465E0
3.148294218E2,5.194042558E1,4.479360231E0,2.342878712E0,5.662271195E-1,1.322154170E1,7.884834725E0,1.281581645E0
3.158294047E2,5.194042691E1,4.479410992E0,2.476731964E0,1.217002458E0,4.846135806E1,6.513590812E0,1.543407176E0
3.168293873E2,5.194042608E1,4.479426031E0,1.890721155E0,1.439066740E0,4.788006613E1,6.067214699E0,1.689030405E0
3.178293699E2,5.194043655E1,4.479433448E0,1.998278068E0,1.530669515E0,3.958884001E1,5.859766847E0,1.816755662E0
3.188293532E2,5.194043210E1,4.479465686E0,1.806113973E0,1.411024282E0,4.232435837E1,5.628049116E0,1.757507907E0
3.198293356E2,5.194044466E1,4.479480146E0,1.798499660E0,1.278387493E0,3.896789065E1,5.672307711E0,1.664293513E0
3.208293191E2,5.194046434E1,4.479478579E0,1.681762527E0,1.068137523E0,2.253195285E1,5.714198476E0,1.625620635E0
3.218293022E2,5.194047103E1,4.479470995E0,2.057495851E0,5.870367779E-1,3.464882927E2,5.576686237E0,1.763044448E0
3.228292851E2,5.194046925E1,4.479459573E0,1.817889185E0,2.185285199E-1,3.494598037E2,5.450596789E0,2.028677323E0