Time (s),Latitude (째),Longitude (째),Height (m),Velocity (m/s),Direction (째),Horizontal Accuracy (m),Vertical Accuracy (째),Datetime
0.08516693115,51.93248593,4.455396518,-0.2340807766,,,541.4766676,2.631982565,2024-06-05 18:34:32.085167
0.4694620371,51.93257484,4.454298082,-0.2340801358,,,50.0,2.388645411,2024-06-05 18:34:32.469462
1.693937898,51.93176201,4.453711091,6.13375473,0.2700000107,326.25,22.93125644,12.0,2024-06-05 18:34:33.693938
2.693918824,51.93174097,4.45370472,0.5652122498,0.3000000119,335.7421875,4.537844327,4.0,2024-06-05 18:34:34.693919
3.693899155,51.93173996,4.453698518,-0.625705719,0.0,335.7421875,6.648630769,4.0,2024-06-05 18:34:35.693899
4.693880081,51.93173686,4.453699607,-0.3386573792,0.0,335.7421875,5.084239648,4.0,2024-06-05 18:34:36.693880
5.693861246,51.93173803,4.453697596,-0.2466773987,0.0,312.5390625,5.502089058,4.0,2024-06-05 18:34:37.693861
6.693843603,51.9317299,4.453708408,0.00313949585,0.1800000072,345.9375,3.972643972,4.0,2024-06-05 18:34:38.693844
7.69513917,51.9317245,4.453699021,0.6852684021,0.0,15.1171875,3.535533906,3.0,2024-06-05 18:34:39.695139
8.695150733,51.93172567,4.453705391,1.322231293,0.2099999934,181.0546875,3.535533906,3.0,2024-06-05 18:34:40.695151
9.695133448,51.9317229,4.453710169,0.5697898865,0.0,181.0546875,3.638748383,3.0,2024-06-05 18:34:41.695133
10.69514549,51.9317232,4.453706732,0.4540672302,0.0,181.0546875,3.587339178,3.0,2024-06-05 18:34:42.695145
11.69515908,51.93172148,4.453706229,0.3686180115,0.0,181.0546875,3.606055097,3.0,2024-06-05 18:34:43.695159
12.6951412,51.93171997,4.453705894,0.2477684021,0.0,181.0546875,3.764447371,3.0,2024-06-05 18:34:44.695141
13.69515038,51.93171909,4.453705056,0.1947288513,0.0,181.0546875,3.860905122,3.0,2024-06-05 18:34:45.695150
14.69516063,51.93171909,4.453705056,0.1947289184,0.0,,4.670980443,3.465036613,2024-06-05 18:34:46.695161
15.69514287,51.93171863,4.453704888,0.2188988402,0.0,,4.702237324,3.422499259,2024-06-05 18:34:47.695143
16.69515431,51.93171905,4.453705475,0.3187523559,0.0,,4.728383722,3.386284751,2024-06-05 18:34:48.695154
17.69515955,51.93173179,4.453705726,0.3600731576,0.0,,4.678465871,3.454923172,2024-06-05 18:34:49.695160
18.69513965,51.93179098,4.453697992,-0.2953220913,1.820000052,347.6953081,4.609649614,3.546218757,2024-06-05 18:34:50.695140
19.69514847,51.9318116,4.453679461,-0.4118991867,2.0,345.5859318,4.609649667,3.546218687,2024-06-05 18:34:51.695148
20.69515717,51.93183422,4.453675648,-0.01114229392,2.180000067,347.3437445,4.609649722,3.546218616,2024-06-05 18:34:52.695157
21.69513845,51.93185822,4.45365725,-0.183749564,2.579999924,339.9609274,4.609649781,3.546218539,2024-06-05 18:34:53.695138
22.69511938,51.93188354,4.453646797,-0.221286186,2.579999924,345.2343675,4.609649846,3.546218455,2024-06-05 18:34:54.695119
23.69510114,51.93190336,4.453633697,-0.5435518092,2.579999924,339.9609274,4.609649898,3.546218387,2024-06-05 18:34:55.695101
24.6950835,51.93193029,4.45362776,-0.4834930561,2.950000048,346.9921799,4.609649961,3.546218305,2024-06-05 18:34:56.695083
25.69506466,51.9319529,4.453613615,-0.1071504084,2.660000086,343.1249912,4.609650024,3.546218224,2024-06-05 18:34:57.695065
26.69504654,51.93197174,4.453604904,-0.2657197462,2.660000086,345.5859299,4.609650072,3.546218161,2024-06-05 18:34:58.695047
27.69502807,51.93198285,4.453597046,-0.05447729584,2.049999952,341.36718,4.609650109,3.546218114,2024-06-05 18:34:59.695028
28.69500983,51.93199238,4.4535923,-0.2317845412,1.639999986,341.7187441,4.609650138,3.546218076,2024-06-05 18:35:00.695010
29.69499075,51.93199006,4.453595271,-0.04495606571,0.9700000286,341.7187465,4.609650139,3.546218075,2024-06-05 18:35:01.694991
30.69497216,51.93193968,4.453583768,0.02761534695,2.960000038,196.5234279,4.609650058,3.54621818,2024-06-05 18:35:02.694972
31.6949538,51.9318893,4.453593185,0.1708656084,4.28000021,181.0546866,4.609649948,3.546218322,2024-06-05 18:35:03.694954
32.69493616,51.93185896,4.453605203,0.1855745949,3.480000019,176.1328152,4.609649862,3.546218434,2024-06-05 18:35:04.694936
33.69491708,51.93182005,4.453624228,0.3260167632,3.950000048,171.2109444,4.609649767,3.546218557,2024-06-05 18:35:05.694917
34.69489765,51.93177524,4.453708272,-0.7930710828,3.331978935,148.5092956,4.800582531,3.283130274,2024-06-05 18:35:06.694898
35.69487977,51.93173791,4.453714003,-0.7716943873,3.505467314,163.3694419,4.818985373,3.256058508,2024-06-05 18:35:07.694880
36.6948607,51.93172658,4.453748849,-0.6908386406,2.574987287,135.0661966,4.826401295,3.245055866,2024-06-05 18:35:08.694861
37.69484162,51.93170551,4.453757851,-0.6732038558,2.161029543,143.8454071,4.856089739,3.200457699,2024-06-05 18:35:09.694842
38.69482422,51.9316734,4.453761198,-0.6777251903,2.530718833,160.114059,4.855689891,3.20106431,2024-06-05 18:35:10.694824
39.69480455,51.93165665,4.453766446,-0.7194178449,1.870741107,158.3856274,4.848938727,3.211281715,2024-06-05 18:35:11.694805
40.69478607,51.93164936,4.453788184,-0.6062116195,1.611433426,129.7089355,4.853149267,3.204914854,2024-06-05 18:35:12.694786
41.69476759,51.93164083,4.45378948,-0.3892738288,1.265379494,143.4037027,4.839834509,3.22498666,2024-06-05 18:35:13.694768
42.69474864,51.93163181,4.453792543,-0.1603075908,1.096088388,143.1024417,4.815822312,3.260734962,2024-06-05 18:35:14.694749
43.69472957,51.93162751,4.453796937,-0.08368590847,1.018395295,156.6896667,4.806341397,3.274693789,2024-06-05 18:35:15.694730
44.69471073,51.9315935,4.453803363,-0.2881394941,2.151611795,168.3745555,4.803613639,3.278693801,2024-06-05 18:35:16.694711
45.69469094,51.93156168,4.453813737,-0.03460763674,2.925133532,169.5261026,4.806935958,3.273820968,2024-06-05 18:35:17.694691
46.69467342,51.93153478,4.453815956,0.1698490111,2.828409155,167.7584982,4.821512402,3.252315359,2024-06-05 18:35:18.694673
47.6946547,51.93150117,4.45383408,0.005602627061,3.269495179,161.9654397,4.830087001,3.239567347,2024-06-05 18:35:19.694655
48.69463599,51.93146258,4.453845009,0.1020655883,3.462956598,165.9425676,4.818113748,3.257348146,2024-06-05 18:35:20.694636
49.69461679,51.93141053,4.453839591,-0.3856713399,4.461551611,178.2482629,4.832885754,3.235390598,2024-06-05 18:35:21.694617
50.69459748,51.93139765,4.453832892,0.1639791094,3.407300681,180.3920663,4.848301833,3.212243199,2024-06-05 18:35:22.694597
51.6945796,51.93138812,4.453813503,0.4805119354,2.426352628,195.7316108,4.86793269,3.182415491,2024-06-05 18:35:23.694580
52.69456017,51.93140205,4.45372031,0.7514444562,3.595622409,251.7003693,4.829363362,3.240646008,2024-06-05 18:35:24.694560
53.69454193,51.93141057,4.453697873,0.9304619217,2.532259331,264.0935613,4.833801603,3.234022123,2024-06-05 18:35:25.694542
54.69452262,51.93140472,4.453671822,0.3682846939,2.327332426,258.9374513,4.848655586,3.211709208,2024-06-05 18:35:26.694523
55.69450402,51.93139908,4.453642259,0.8127500908,2.329825584,257.3815383,4.876534765,3.169218472,2024-06-05 18:35:27.694504
56.69448519,51.9313924,4.453603581,0.4422691679,2.663977125,256.2084183,4.886536248,3.153775599,2024-06-05 18:35:28.694485
57.69446647,51.93138939,4.453573478,0.3694118224,2.331105123,259.3885288,4.875696891,3.170507351,2024-06-05 18:35:29.694466
58.69444811,51.9313789,4.453540974,0.5004362511,2.242257645,248.7866436,4.850108278,3.209515029,2024-06-05 18:35:30.694448
59.69442892,51.93138693,4.45349885,0.4563251035,2.262589421,263.3348197,4.846989497,3.214223055,2024-06-05 18:35:31.694429
60.6944102,51.93138953,4.453460601,0.3652656302,2.380186038,270.265452,4.870585472,3.178354007,2024-06-05 18:35:32.694410
61.69439304,51.93138347,4.453416018,0.4289248716,2.577608422,260.5540458,4.882236123,3.160428369,2024-06-05 18:35:33.694393
62.69437563,51.93138139,4.453340231,-0.100406602,3.622058127,263.6551376,4.850541375,3.208860452,2024-06-05 18:35:34.694376
63.69435799,51.9313805,4.45331237,-0.5541225281,2.704582392,261.9301834,4.85560104,3.201199083,2024-06-05 18:35:35.694358
64.69433951,51.93137851,4.453270214,-0.4894553563,2.787961789,262.8095625,4.845556653,3.216382713,2024-06-05 18:35:36.694340
65.69432271,51.93136854,4.453234193,-0.3635302205,2.749685383,257.1907967,4.85628556,3.200160558,2024-06-05 18:35:37.694323
66.6943053,51.93136988,4.453196397,-0.4127897192,2.805854483,264.7583536,4.8474891,3.213469535,2024-06-05 18:35:38.694305
67.69428694,51.93135688,4.453168072,-0.4386808509,2.574715446,259.0905366,4.861508804,3.192220103,2024-06-05 18:35:39.694287
68.69426978,51.93135488,4.453141541,-0.8337906245,2.156023164,258.7140343,4.82051412,3.253794808,2024-06-05 18:35:40.694270
69.69425154,51.93136553,4.453084195,-0.4100734927,2.550720732,270.8228101,4.834513992,3.232957083,2024-06-05 18:35:41.694252
70.69423282,51.93134554,4.453065865,-0.6333809411,2.257462967,242.6254651,4.841053464,3.223156589,2024-06-05 18:35:42.694233
71.69421482,51.93132627,4.453040888,-0.7542462656,2.591214796,235.3327172,4.90757584,3.120935181,2024-06-05 18:35:43.694215
72.69419682,51.93130783,4.453020664,-0.890972821,2.740133673,225.0598276,4.866217294,3.185037877,2024-06-05 18:35:44.694197
73.69417858,51.93128299,4.453014624,-0.3886301033,2.614250681,199.6504737,4.872627689,3.175222266,2024-06-05 18:35:45.694179
74.69416356,51.93125541,4.453012554,-0.6626162017,2.530851911,195.7026783,4.887669561,3.152018924,2024-06-05 18:35:46.694164
75.69414532,51.93124303,4.453029232,-0.5268324064,1.831503677,180.660646,4.851944055,3.206739141,2024-06-05 18:35:47.694145
76.69412363,51.9312202,4.453053315,-0.278348173,1.934534731,163.4009023,4.879070298,3.16531358,2024-06-05 18:35:48.694124
77.6941061,51.93119735,4.453074167,-0.1580202635,2.106615408,157.0048868,4.880453669,3.163180207,2024-06-05 18:35:49.694106
78.69408751,51.9311697,4.45308605,-0.7170205442,2.365821245,160.3045589,4.836583285,3.229860548,2024-06-05 18:35:50.694088
79.69406903,51.9311511,4.453104148,-0.5074183866,2.266906605,154.3315526,4.84838881,3.212111919,2024-06-05 18:35:51.694069
80.69405055,51.93113289,4.453126371,-0.03283323348,2.275365101,152.3644909,4.860594869,3.193611522,2024-06-05 18:35:52.694051
81.69403231,51.93110514,4.453138203,0.07999808528,2.469893139,157.0700644,4.857678558,3.198045663,2024-06-05 18:35:53.694032
82.69401395,51.93107857,4.453148108,0.1202350985,2.663468013,160.7738347,4.842505693,3.220974331,2024-06-05 18:35:54.694014
83.69399452,51.93105071,4.453155133,-0.5381289953,2.89627458,165.6779505,4.832366495,3.23616611,2024-06-05 18:35:55.693995
84.69397628,51.93102453,4.453173632,-0.1060529118,3.05799164,162.2927762,4.867050971,3.183763791,2024-06-05 18:35:56.693976
85.69395816,51.93101351,4.453196276,-0.7944019623,2.685536321,151.1339324,4.83975973,3.225098881,2024-06-05 18:35:57.693958
86.69393837,51.93100038,4.453224145,-0.2490853611,2.702628484,137.6028238,4.840531321,3.223940688,2024-06-05 18:35:58.693938
87.69392049,51.93101785,4.453253445,-0.2421133332,2.081630874,101.8563463,4.831808586,3.236999045,2024-06-05 18:35:59.693920
88.6939013,51.93103273,4.453277688,-0.03778311238,1.865816246,76.52670468,4.81584844,3.260696373,2024-06-05 18:36:00.693901
89.6938833,51.93104626,4.453307206,0.09089581389,1.93009364,65.56458389,4.814517563,3.262661133,2024-06-05 18:36:01.693883
90.69386411,51.93105454,4.453354231,-0.3769220952,2.34783238,69.38251054,4.810808353,3.268127908,2024-06-05 18:36:02.693864
91.69384539,51.93106476,4.453409658,-0.4185986333,3.056868782,70.65845262,4.827917456,3.242799728,2024-06-05 18:36:03.693845
92.69382763,51.93108517,4.453444803,-0.3858648753,3.247156703,63.75794526,4.832872978,3.235409682,2024-06-05 18:36:04.693828
93.69380856,51.9311095,4.45346911,-0.2148053618,3.037497254,54.78940666,4.84121111,3.222919798,2024-06-05 18:36:05.693809
94.69379008,51.93113429,4.453492769,-0.113781618,2.798432623,48.06851109,4.819636997,3.255093892,2024-06-05 18:36:06.693790
95.6937716,51.93114444,4.453516491,-0.6358112581,2.353848421,49.11236633,4.807015422,3.273704288,2024-06-05 18:36:07.693772
96.69375217,51.93115844,4.453550924,-0.6804319192,2.516640908,51.94742738,4.801149026,3.282301793,2024-06-05 18:36:08.693752
97.6937331,51.93116575,4.453584059,-0.1154009663,2.547524032,57.49771395,4.78305227,3.308617237,2024-06-05 18:36:09.693733
98.69371414,51.93117752,4.453626588,-0.02353096381,2.78696125,61.90004928,4.770225584,3.327083545,2024-06-05 18:36:10.693714
99.69369614,51.93118959,4.453660797,0.02254180703,2.793216974,62.39242078,4.776647931,3.317856474,2024-06-05 18:36:11.693696
100.6936778,51.93121248,4.453676904,-0.1176671805,2.699352067,49.28620633,4.770162147,3.327174496,2024-06-05 18:36:12.693678
101.693658,51.93122822,4.453703936,-0.3312189616,2.677787507,48.21423313,4.761966034,3.338894506,2024-06-05 18:36:13.693658
102.6936394,51.93124824,4.453720593,-0.8998158472,2.580647736,39.47612207,4.758310385,3.344102168,2024-06-05 18:36:14.693639
103.6936243,51.931267,4.453744934,0.1588901412,2.658757416,41.44627522,4.757700951,3.344969162,2024-06-05 18:36:15.693624
104.6936014,51.93128222,4.453779512,-0.2435912332,2.746869891,46.335196,4.758316665,3.344093233,2024-06-05 18:36:16.693601
105.6936271,51.93128848,4.453810377,-0.2763860747,2.518328461,57.22671595,4.764225399,3.335669854,2024-06-05 18:36:17.693627
106.6935647,51.93130336,4.453848831,-0.3324385416,2.658447584,59.0757822,4.790593316,3.297688996,2024-06-05 18:36:18.693565
107.6935451,51.93131675,4.453881142,-0.382580624,2.714863556,59.96013921,4.801577496,3.281674965,2024-06-05 18:36:19.693545
108.6935261,51.93132858,4.453920978,-0.03717650566,2.707471481,65.79422837,4.811523078,3.267075558,2024-06-05 18:36:20.693526
109.6935083,51.93132224,4.453963403,-0.06818435062,2.593543705,83.68035595,4.814015833,3.263401384,2024-06-05 18:36:21.693508
110.6934896,51.93129669,4.453992579,0.07017316576,2.407399043,112.0507715,4.815590203,3.26107774,2024-06-05 18:36:22.693490
111.6934702,51.93126597,4.454015579,-0.7397205923,2.654468589,134.3609006,4.831958052,3.23677593,2024-06-05 18:36:23.693470
112.6934512,51.93124224,4.454027903,0.452769923,2.721832283,144.0467855,4.830885275,3.238376829,2024-06-05 18:36:24.693451
113.6934319,51.93121613,4.454059726,-0.5522824507,3.081929433,142.3124131,4.836792666,3.229546986,2024-06-05 18:36:25.693432
114.6934134,51.93119468,4.454069552,-0.01273557823,2.980847585,148.8153101,4.834281205,3.23330516,2024-06-05 18:36:26.693413
115.6933944,51.93117343,4.454077677,0.3156315908,2.817745485,152.3474142,4.841102517,3.223082912,2024-06-05 18:36:27.693394
116.6933763,51.93114888,4.45409455,0.5437724572,2.822453583,153.78487,4.84287219,3.220423261,2024-06-05 18:36:28.693376
117.693357,51.93111939,4.45411001,-0.1277798451,2.918918325,157.4250678,4.832769803,3.235563794,2024-06-05 18:36:29.693357
118.6933385,51.93109257,4.454108261,-0.5469251759,2.821823941,168.0984603,4.826283799,3.245230611,2024-06-05 18:36:30.693338
119.6933193,51.93106503,4.454132608,0.8099218346,2.932984809,161.4782457,4.822396002,3.251005049,2024-06-05 18:36:31.693319
120.6933002,51.93104051,4.454133384,0.04614109267,2.934584716,165.501451,4.820792381,3.253382524,2024-06-05 18:36:32.693300
121.6932815,51.93102129,4.454170584,-0.5327696074,2.935106836,150.8085359,4.824148681,3.248403691,2024-06-05 18:36:33.693281
122.6932627,51.93100001,4.454187463,0.6485684123,2.794147093,150.0503308,4.824844229,3.247370505,2024-06-05 18:36:34.693263
123.6932467,51.93098077,4.454211501,0.2885396695,2.824085509,148.5623802,4.810339068,3.268818607,2024-06-05 18:36:35.693247
124.6932242,51.93095878,4.454220882,0.2477030568,2.812284064,156.244846,4.799212953,3.285131971,2024-06-05 18:36:36.693224
125.6932046,51.93093696,4.454241878,0.2893750826,2.935689181,154.382949,4.79249352,3.294926843,2024-06-05 18:36:37.693205
126.6931868,51.93091192,4.454265611,0.1453086035,3.094065921,154.7735483,4.785875654,3.304531927,2024-06-05 18:36:38.693187
127.6931683,51.93089159,4.454281318,0.8200269733,2.90007719,154.5449517,4.78753422,3.302128574,2024-06-05 18:36:39.693168
128.6931492,51.93087173,4.454305431,0.4286139533,2.89611137,151.0907257,4.798488529,3.286190023,2024-06-05 18:36:40.693149
129.6931332,51.93085501,4.454333172,0.06675259117,2.791517335,145.5716084,4.802446347,3.280403347,2024-06-05 18:36:41.693133
130.6931144,51.93083834,4.454356998,0.3488476062,2.733165358,142.6271109,4.807105469,3.273572061,2024-06-05 18:36:42.693114
131.6930919,51.93082558,4.454381882,0.7919306671,2.544863823,138.8809846,4.806307817,3.274743073,2024-06-05 18:36:43.693092
132.6930737,51.93079487,4.454397923,0.9576928569,2.85396972,150.8314544,4.798233862,3.286561856,2024-06-05 18:36:44.693074
133.6952283,51.93076926,4.454406292,0.9405173259,2.894060357,159.5541609,4.790541886,3.297763708,2024-06-05 18:36:45.695228
134.6952317,51.9307506,4.454419816,-0.1006180141,2.690809554,157.4116437,4.783062501,3.308602446,2024-06-05 18:36:46.695232
135.6952077,51.93073656,4.454425814,0.6866552113,2.379745836,158.0622137,4.784852323,3.306013503,2024-06-05 18:36:47.695208
136.6952118,51.93071371,4.454445192,0.2529367562,2.694477922,154.7400105,4.801443361,3.281871217,2024-06-05 18:36:48.695212
137.6952183,51.93068504,4.454465197,0.1685938099,3.017099311,153.9603311,4.818795376,3.256339687,2024-06-05 18:36:49.695218
138.6951948,51.93066216,4.454480042,-0.02564657945,2.970666976,155.2328232,4.832856775,3.235433886,2024-06-05 18:36:50.695195
139.6952037,51.93064288,4.454492791,-0.1011704132,2.726017707,154.438604,4.831234866,3.237855263,2024-06-05 18:36:51.695204
140.6952136,51.93061607,4.45451291,-0.1631941451,2.821579955,154.2874451,4.851357756,3.207626062,2024-06-05 18:36:52.695214
141.6951915,51.93060338,4.454542038,-0.3863182515,2.694443154,145.9411108,4.84965717,3.210196625,2024-06-05 18:36:53.695191
142.6951995,51.93059233,4.454571666,-0.009549103677,2.706141231,138.6280849,4.844991617,3.217233791,2024-06-05 18:36:54.695200
143.6952064,51.93057087,4.454585854,0.284277847,2.673318382,146.2492111,4.846863447,3.214413128,2024-06-05 18:36:55.695206
144.6951867,51.93054854,4.454599018,-0.4917851295,2.715911587,152.5236113,4.849298306,3.210738696,2024-06-05 18:36:56.695187
145.6951953,51.9305158,4.454593668,-0.3026808398,2.958917046,166.5080958,4.857512531,3.198297835,2024-06-05 18:36:57.695195
146.6952046,51.93049468,4.454612805,-0.6013080636,2.910446252,160.5918661,4.847690135,3.213166257,2024-06-05 18:36:58.695205
147.6951834,51.93047845,4.454653067,-0.4330869773,2.900750754,145.6720584,4.835769878,3.23107826,2024-06-05 18:36:59.695183
148.6951644,51.93046163,4.454674199,0.654934613,2.770674121,144.5407047,4.835221833,3.231898337,2024-06-05 18:37:00.695164
149.6951461,51.93043386,4.454678674,0.7957486315,2.820098185,155.2540741,4.837607055,3.228326968,2024-06-05 18:37:01.695146
150.6951264,51.9304091,4.454704308,0.2940070806,2.898972545,153.0698142,4.833319519,3.234742564,2024-06-05 18:37:02.695126
151.6951078,51.93038916,4.454730578,0.08380306046,2.852193362,148.2345992,4.838012721,3.227719001,2024-06-05 18:37:03.695108
152.6950885,51.9303665,4.454741031,0.6467063967,2.82015437,151.4743168,4.843334769,3.219727527,2024-06-05 18:37:04.695088
153.6950697,51.9303399,4.454757809,0.1621565707,2.970095099,152.7387013,4.839954315,3.224806856,2024-06-05 18:37:05.695070
154.6950505,51.93032845,4.454782967,-0.2027619723,2.598717309,144.1957051,4.824289403,3.248194697,2024-06-05 18:37:06.695051
155.6950321,51.93030055,4.454799287,-0.05965340603,2.781901343,150.7386231,4.817219607,3.258670325,2024-06-05 18:37:07.695032
156.6950133,51.93027592,4.45482322,0.3632165138,2.891980538,149.4675292,4.808306006,3.271808428,2024-06-05 18:37:08.695013
157.6949935,51.93025371,4.454837831,-0.235702971,2.808866784,152.1214864,4.798962349,3.285498046,2024-06-05 18:37:09.694994
158.6949747,51.93023702,4.454850402,-1.164969808,2.50026565,154.4319622,4.7913356,3.296610411,2024-06-05 18:37:10.694975
159.6949565,51.93020856,4.454865001,-0.2724868907,2.805824901,159.2502139,4.788583917,3.300606172,2024-06-05 18:37:11.694956
160.6949368,51.93018883,4.454888376,-0.4023887962,2.845700019,154.0202642,4.800173489,3.283728294,2024-06-05 18:37:12.694937
161.6949184,51.93017325,4.454915594,-0.4853698602,2.839898043,147.015989,4.816901609,3.259140365,2024-06-05 18:37:13.694918
162.6948986,51.93015159,4.454933546,-1.336816301,2.849378202,147.7989133,4.826822879,3.244428753,2024-06-05 18:37:14.694899
163.69488,51.9301308,4.454950428,-1.009111759,2.853989114,150.2319721,4.827119581,3.243987298,2024-06-05 18:37:15.694880
164.6948609,51.93011428,4.454967954,-0.4202977708,2.724756331,147.7762114,4.829421635,3.240559165,2024-06-05 18:37:16.694861
165.6948422,51.93009746,4.454997822,-0.8737386335,2.738150719,138.5988062,4.826123142,3.245469526,2024-06-05 18:37:17.694842
166.694823,51.9300714,4.455032383,-1.003663259,2.982896058,138.6599488,4.843348402,3.219707019,2024-06-05 18:37:18.694823
167.6948037,51.93004403,4.455050891,-0.1985437125,2.994748433,144.0933144,4.836955597,3.229302956,2024-06-05 18:37:19.694804
168.694785,51.93001835,4.455075615,-0.2150910748,3.068954196,145.95064,4.848903838,3.211334397,2024-06-05 18:37:20.694785
169.6947663,51.92999079,4.455091274,-0.2825491354,3.022118526,152.2982343,4.835479182,3.231513285,2024-06-05 18:37:21.694766
170.6947471,51.92996613,4.455104915,0.05210630503,2.940932435,155.6903863,4.831908249,3.236850276,2024-06-05 18:37:22.694747
171.6947278,51.92993532,4.455135703,-0.1570080603,3.222083913,153.4814862,4.828531512,3.241885326,2024-06-05 18:37:23.694728
172.6947087,51.9299129,4.455160437,-0.7993550655,3.187597286,151.2260543,4.83257293,3.235857832,2024-06-05 18:37:24.694709
173.6946901,51.92989302,4.455193945,-0.4244234581,3.189983361,145.7292108,4.837447616,3.228565872,2024-06-05 18:37:25.694690
174.6946704,51.92987583,4.455209878,-0.4437154233,2.863930539,147.1952359,4.836938755,3.229328183,2024-06-05 18:37:26.694670
175.6946517,51.92985645,4.455239193,-0.2159324614,2.864048692,143.1617012,4.832822776,3.23548467,2024-06-05 18:37:27.694652
176.6946325,51.92983395,4.45525961,-0.09862643294,2.831174299,145.7059858,4.823391851,3.249527363,2024-06-05 18:37:28.694633
177.6946135,51.92981566,4.455280778,0.4084767168,2.730290102,146.3767769,4.805535746,3.275875948,2024-06-05 18:37:29.694614
178.6945947,51.92978783,4.455299813,-0.3985477388,3.034455663,149.8121095,4.79456354,3.291913956,2024-06-05 18:37:30.694595
179.694575,51.92977565,4.455334184,-0.5594289871,3.000828297,139.680159,4.794726694,3.291676315,2024-06-05 18:37:31.694575
180.6945565,51.92976083,4.455375921,-0.2127619609,3.08437086,129.7455435,4.804713228,3.277082213,2024-06-05 18:37:32.694557
181.6945381,51.92975252,4.45541169,0.1204537461,3.015136839,121.9546504,4.807889912,3.272419843,2024-06-05 18:37:33.694538
182.6945186,51.92976093,4.455462324,-0.1842571683,3.038763156,101.0213234,4.789260859,3.299623835,2024-06-05 18:37:34.694519
183.6944994,51.9297663,4.455490549,-0.4564441526,2.543683404,90.90245311,4.776086535,3.318664557,2024-06-05 18:37:35.694499
184.6944809,51.9297744,4.455523148,-0.9045845205,2.481567411,79.75916234,4.757658848,3.345029046,2024-06-05 18:37:36.694481
185.694461,51.92978547,4.455551305,-0.8566063074,2.435085613,69.11696637,4.757647166,3.345045661,2024-06-05 18:37:37.694461
186.6944419,51.92979918,4.455588193,-0.06195128523,2.620014328,62.56952505,4.75827524,3.344152176,2024-06-05 18:37:38.694442
187.6944226,51.9298174,4.455618747,-0.2148036212,2.667429843,56.93534896,4.753972206,3.350266452,2024-06-05 18:37:39.694423
188.694404,51.92983153,4.455655184,-1.058036477,2.757841271,58.19430949,4.748217371,3.358417608,2024-06-05 18:37:40.694404
189.6943849,51.92984097,4.455689269,-0.4200015618,2.758087474,61.24156276,4.751156683,3.354258071,2024-06-05 18:37:41.694385
190.6943657,51.92985619,4.455716087,-1.293547127,2.838262198,56.16789065,4.762930566,3.337518458,2024-06-05 18:37:42.694366
191.6943468,51.92987389,4.455750424,-1.403947989,3.095954957,53.48449628,4.762537765,3.33807895,2024-06-05 18:37:43.694347
192.6943281,51.92989923,4.455767736,-0.7636333834,3.00304366,42.90773968,4.771684165,3.324991318,2024-06-05 18:37:44.694328
193.6943092,51.92993074,4.455741794,-1.592342588,2.812543822,9.923326203,4.776920301,3.317464314,2024-06-05 18:37:45.694309
194.6942899,51.92994902,4.455704824,-1.623032131,2.673822002,344.4229798,4.784274309,3.306849917,2024-06-05 18:37:46.694290
195.6942706,51.92996844,4.455681242,-1.468423866,2.671212246,333.9022391,4.780648318,3.312089778,2024-06-05 18:37:47.694271
196.6942518,51.92999372,4.455652869,-0.4353978047,2.826141099,330.8934796,4.779139154,3.314267035,2024-06-05 18:37:48.694252
197.6942327,51.93001235,4.45562127,0.5528500164,2.883402228,323.7970302,4.795785483,3.290133528,2024-06-05 18:37:49.694233
198.6942133,51.93003545,4.455596148,-0.6855655853,2.938699572,326.205343,4.800657902,3.283020065,2024-06-05 18:37:50.694213
199.6941943,51.93006151,4.455579778,-0.7650750922,2.936902445,332.6696917,4.808641933,3.271314689,2024-06-05 18:37:51.694194
200.694176,51.93007432,4.455562636,-0.3479588963,2.67374401,333.4497333,4.815720018,3.260886037,2024-06-05 18:37:52.694176
201.6941562,51.93010111,4.455550433,-0.3497363189,2.833950906,339.8981286,4.811764074,3.266720608,2024-06-05 18:37:53.694156
202.6941378,51.93011914,4.45551858,0.004757796414,2.924313578,333.1603217,4.79596234,3.289875721,2024-06-05 18:37:54.694138
203.6941179,51.93013357,4.455504687,-0.1170236794,2.742284064,333.207303,4.785781222,3.304668687,2024-06-05 18:37:55.694118
204.6940995,51.93016158,4.45549087,-0.3044210598,2.861443624,338.2004982,4.783387017,3.308133262,2024-06-05 18:37:56.694099
205.6940807,51.93018192,4.455475873,0.8371417662,2.69573668,337.0377844,4.78632915,3.303875044,2024-06-05 18:37:57.694081
206.6940619,51.93020762,4.455443765,0.7082020938,2.944671317,329.8845771,4.790693564,3.29754336,2024-06-05 18:37:58.694062
207.694042,51.93023024,4.455422636,0.1521784263,2.95595387,328.9771639,4.80016229,3.283744665,2024-06-05 18:37:59.694042
208.6940237,51.93025084,4.455414564,-0.1845909441,2.655971955,333.5259174,4.790642309,3.297617821,2024-06-05 18:38:00.694024
209.6940042,51.93027459,4.455393869,0.9611129621,2.682876095,334.3940646,4.78326688,3.308306967,2024-06-05 18:38:01.694004
210.6939853,51.93029588,4.455380745,1.305702415,2.681942988,335.7221448,4.78397162,3.307287797,2024-06-05 18:38:02.693985
211.6939658,51.93031665,4.45538023,0.6562278513,2.591535891,341.778234,4.777007113,3.317339307,2024-06-05 18:38:03.693966
212.6939467,51.93033823,4.455366292,0.2027031826,2.637649582,341.6440816,4.770756161,3.326322698,2024-06-05 18:38:04.693947
213.6939278,51.93036207,4.45534372,-0.362655987,2.820591745,339.3635758,4.765668003,3.333608483,2024-06-05 18:38:05.693928
214.6939087,51.9303763,4.455324819,-0.2544870311,2.580700689,334.2103606,4.774275161,3.321269896,2024-06-05 18:38:06.693909
215.6938895,51.93039883,4.455293309,0.7198179699,2.805966915,327.1989716,4.785756752,3.304704123,2024-06-05 18:38:07.693890
216.693871,51.93042209,4.455281253,-0.5763867693,2.808406951,333.7471235,4.784066861,3.307150028,2024-06-05 18:38:08.693871
217.6938527,51.93044195,4.455263788,0.2144254707,2.782104336,335.9023179,4.786733273,3.303289513,2024-06-05 18:38:09.693853
218.6938348,51.93046443,4.455244799,0.2114004008,2.830185334,334.0147223,4.785839803,3.304583848,2024-06-05 18:38:10.693835
219.693815,51.93048495,4.4552218,0.5550019816,2.810284641,331.1314146,4.778449076,3.3152619,2024-06-05 18:38:11.693815
220.6937953,51.93048541,4.455194349,-0.4302687868,2.315592756,315.9970803,4.77874719,3.314832172,2024-06-05 18:38:12.693795
221.6937751,51.93051051,4.455181159,-0.9407627769,2.458973707,325.9990874,4.780788512,3.311887412,2024-06-05 18:38:13.693775
222.6937556,51.93053023,4.455181308,-0.7014109874,2.409971968,338.4727591,4.782269381,3.309748722,2024-06-05 18:38:14.693756
223.6937375,51.9305549,4.455157597,0.2275048327,2.666709047,334.7621801,4.794000776,3.292733453,2024-06-05 18:38:15.693737
224.693718,51.93057866,4.455131145,0.09116595611,2.81618434,332.3942021,4.793675739,3.293206635,2024-06-05 18:38:16.693718
225.6936992,51.93059926,4.455103102,-0.147758727,2.98493363,326.6845323,4.79041176,3.297952728,2024-06-05 18:38:17.693699
226.69368,51.93061813,4.455097899,-0.003761620261,2.78319742,332.8478102,4.789796777,3.298845839,2024-06-05 18:38:18.693680
227.693661,51.93063778,4.455083069,-0.004206845537,2.755512704,335.675807,4.800115464,3.283813113,2024-06-05 18:38:19.693661
228.6936421,51.93066093,4.455068495,-0.2008548426,2.790022056,337.7262022,4.796900906,3.288507067,2024-06-05 18:38:20.693642
229.6936233,51.93067546,4.455051385,-0.3357261466,2.550385616,335.4739185,4.787923531,3.301564067,2024-06-05 18:38:21.693623
230.6936035,51.93068773,4.455040772,0.1011109743,2.449024545,332.5625419,4.794265776,3.292347598,2024-06-05 18:38:22.693603
231.6935848,51.9307082,4.455024947,-0.2788690571,2.511529166,332.5073167,4.799707699,3.284409084,2024-06-05 18:38:23.693585
232.6935656,51.9307219,4.455001302,-0.679454226,2.462550823,327.50708,4.806704164,3.274161283,2024-06-05 18:38:24.693566
233.6935468,51.93074384,4.454984382,0.1317000762,2.605090771,329.7170388,4.785890884,3.30450987,2024-06-05 18:38:25.693547
234.6935281,51.93076535,4.454968292,0.4956366569,2.634101262,333.1484123,4.769523304,3.328090216,2024-06-05 18:38:26.693528
235.6935091,51.93079258,4.454953659,0.07202432025,2.823951314,337.4689809,4.764858952,3.33476479,2024-06-05 18:38:27.693509
236.6934898,51.93081703,4.45494613,-0.564547332,2.872587887,341.1237892,4.77439542,3.321097019,2024-06-05 18:38:28.693490
237.6934705,51.93083511,4.45493109,-0.214815761,2.753260405,342.4820329,4.764455663,3.335340953,2024-06-05 18:38:29.693470
238.6934508,51.93085586,4.454907738,0.8872773154,2.739646505,338.9049488,4.757029982,3.345923308,2024-06-05 18:38:30.693451
239.6934323,51.93087601,4.45489682,0.416425311,2.582066316,341.7063642,4.759706071,3.34211537,2024-06-05 18:38:31.693432
240.6934135,51.93089772,4.454875171,-0.2115145382,2.635991823,336.6101803,4.761994102,3.338854476,2024-06-05 18:38:32.693413
241.6933945,51.93091922,4.454865742,-0.6014205795,2.592051627,338.4343922,4.770002569,3.327403271,2024-06-05 18:38:33.693395
242.6933755,51.93094827,4.454863192,0.5095231412,2.83104826,348.7568188,4.769533711,3.328075301,2024-06-05 18:38:34.693376
243.6933564,51.93096964,4.454846693,0.3645963883,2.875609149,346.68247,4.762421442,3.338244904,2024-06-05 18:38:35.693356
244.6933371,51.9309836,4.45483046,0.1552529931,2.615433411,340.9754953,4.754835174,3.34904158,2024-06-05 18:38:36.693337
245.6933172,51.93100683,4.454803916,0.7538916972,2.862628501,337.7441606,4.74874399,3.357672936,2024-06-05 18:38:37.693317
246.6932987,51.93102816,4.454786663,0.6641118387,2.781742855,339.5263141,4.755157671,3.348583665,2024-06-05 18:38:38.693299
247.6932799,51.93104708,4.454761387,1.476821507,2.727598055,333.9049731,4.761315377,3.339822288,2024-06-05 18:38:39.693280
248.6932609,51.93106511,4.454753971,0.05993418861,2.589522081,334.8549535,4.768777654,3.32915856,2024-06-05 18:38:40.693261
249.6932423,51.9310829,4.454735024,-0.08263927884,2.706176053,331.2250315,4.773439746,3.32247047,2024-06-05 18:38:41.693242
250.6932234,51.93110439,4.454703509,0.7805717681,2.832274568,327.6467789,4.773651585,3.322166097,2024-06-05 18:38:42.693223
251.6932036,51.93112877,4.454678584,0.7680360293,2.971676532,326.6615339,4.7717403,3.324910758,2024-06-05 18:38:43.693204
252.6931845,51.93115347,4.454655001,-0.0517750103,3.01442602,326.6040429,4.7768785,3.317524503,2024-06-05 18:38:44.693185
253.6931658,51.93117002,4.454647525,0.3605613708,2.697093578,331.6557326,4.779976751,3.313058902,2024-06-05 18:38:45.693166
254.6931463,51.93119559,4.45463236,0.1969050383,2.761050892,334.2594436,4.784393328,3.306677716,2024-06-05 18:38:46.693146
255.6931278,51.93121438,4.454602702,0.5661577303,2.781459654,326.7364423,4.774274419,3.321270962,2024-06-05 18:38:47.693128
256.6931082,51.93123374,4.454600055,-0.3302326435,2.566365001,334.9589037,4.770566818,3.326594245,2024-06-05 18:38:48.693108
257.6930896,51.93125794,4.454583198,-0.6848146059,2.71902589,338.1602725,4.772767352,3.3234363,2024-06-05 18:38:49.693090
258.6930699,51.93128088,4.454576461,-0.6651000762,2.713841895,343.549306,4.783810829,3.307520369,2024-06-05 18:38:50.693070
259.6952264,51.93130491,4.454557415,-0.5023702243,2.693974719,341.8315941,4.778696526,3.31490521,2024-06-05 18:38:51.695226
260.6952368,51.93132024,4.454524681,1.401478868,2.639981127,328.8107942,4.772030238,3.324494614,2024-06-05 18:38:52.695237
261.6952171,51.93134537,4.454524493,-0.09388955031,2.724454134,342.9931155,4.760712482,3.340681621,2024-06-05 18:38:53.695217
262.6952283,51.93136219,4.454503461,-0.2651456799,2.616195674,337.4582222,4.747102589,3.35999316,2024-06-05 18:38:54.695228
263.6952337,51.93138122,4.454471471,0.2288047103,2.711112293,330.5604183,4.748327196,3.358262329,2024-06-05 18:38:55.695234
264.6952126,51.93140101,4.454454388,0.4778042976,2.658211238,331.255326,4.755180627,3.348551065,2024-06-05 18:38:56.695213
265.6952218,51.93141684,4.454429953,0.4678835226,2.561452536,325.9691273,4.752493791,3.352363316,2024-06-05 18:38:57.695222
266.6952316,51.93143529,4.454418655,0.006041438319,2.463782913,331.8389516,4.747783092,3.359031519,2024-06-05 18:38:58.695232
267.6952096,51.93144517,4.454390059,1.13050321,2.40047753,323.0295843,4.7471097,3.359983114,2024-06-05 18:38:59.695210
268.6952165,51.93145569,4.454365515,-0.397296397,2.336445022,314.8820897,4.75952833,3.342368488,2024-06-05 18:39:00.695217
269.6952252,51.93147268,4.45433527,-0.1506813746,2.498626954,312.3445091,4.774590702,3.320816265,2024-06-05 18:39:01.695225
270.6952041,51.93148684,4.45430563,0.3013904057,2.677695807,309.9147254,4.776513959,3.318049342,2024-06-05 18:39:02.695204
271.6952063,51.93149368,4.454263227,-0.096212456,2.815777494,298.3295381,4.772022408,3.324505853,2024-06-05 18:39:03.695206
272.6952151,51.93148782,4.454223217,-0.2358939936,2.763074609,282.1860132,4.769949153,3.327479843,2024-06-05 18:39:04.695215
273.6951926,51.93148569,4.454186242,1.612810175,2.671720378,275.0487878,4.782218385,3.309822405,2024-06-05 18:39:05.695193
274.6951666,51.93148425,4.454147022,0.2290617544,2.750590693,271.083984,4.792078451,3.295530482,2024-06-05 18:39:06.695167
275.6951417,51.93148071,4.454113319,-0.1795000248,2.68232765,268.1183725,4.81152386,3.267074407,2024-06-05 18:39:07.695142
276.6951184,51.93146683,4.45408175,0.08304147795,2.636921618,254.549512,4.801077607,3.282406258,2024-06-05 18:39:08.695118
277.6950924,51.93145687,4.454053286,-0.04280590173,2.510220336,252.0175816,4.784323215,3.306779159,2024-06-05 18:39:09.695092
278.6950691,51.93144568,4.454019328,0.6150107076,2.570644459,250.7461356,4.794435894,3.292099861,2024-06-05 18:39:10.695069
279.6950452,51.93144069,4.453981557,0.05915719829,2.66442057,254.4287433,4.783371005,3.308156415,2024-06-05 18:39:11.695045
280.6950216,51.93142781,4.453971544,0.2927143909,2.161555598,241.098471,4.782993357,3.308702401,2024-06-05 18:39:12.695022
281.6949983,51.93142617,4.453938945,0.4656016231,2.258248294,248.8050368,4.802816078,3.279862002,2024-06-05 18:39:13.694998
282.694975,51.93144285,4.453892976,-0.3290885817,2.456341494,276.1392133,4.825142589,3.246927168,2024-06-05 18:39:14.694975
283.6949531,51.93146783,4.45386221,0.859063101,2.56487167,301.4726355,4.824112015,3.248458142,2024-06-05 18:39:15.694953
284.6949304,51.93148861,4.453853781,1.721787108,2.530761275,316.4249743,4.836059172,3.230645247,2024-06-05 18:39:16.694930
285.6949078,51.9315107,4.45383875,0.6192163639,2.723475733,324.1262178,4.82655569,3.24482622,2024-06-05 18:39:17.694908
286.6948869,51.93154693,4.453830876,0.2619507881,3.148226233,334.9895982,4.832429043,3.236072709,2024-06-05 18:39:18.694887
287.6948725,51.93156863,4.453834178,0.2789856251,2.949040514,343.5468773,4.831496992,3.237464107,2024-06-05 18:39:19.694872
288.694857,51.93157441,4.453809227,0.2500032289,2.494936969,337.1260044,4.80466591,3.277151587,2024-06-05 18:39:20.694857
289.6948411,51.93159183,4.453820764,0.1142761121,2.17444909,351.128016,4.798225657,3.286573835,2024-06-05 18:39:21.694841
290.6948286,51.93162202,4.453818249,-1.190921492,2.542514582,358.5091813,4.781999142,3.310139157,2024-06-05 18:39:22.694829
291.6948097,51.9316478,4.453808062,-0.1987879695,2.60443038,354.1872833,4.780086295,3.312900851,2024-06-05 18:39:23.694810
292.6947942,51.9316582,4.453799579,-1.224509386,2.210610736,352.3836654,4.78018067,3.312764675,2024-06-05 18:39:24.694794
293.6947776,51.93166601,4.453791822,-0.9137194864,1.90685853,347.6601094,4.772826316,3.32335162,2024-06-05 18:39:25.694778
294.6947598,51.93166896,4.453791223,-1.329503215,1.644099215,352.5149387,4.772205018,3.324243719,2024-06-05 18:39:26.694760
295.6947453,51.9316615,4.453800942,-1.23851383,0.6713139764,10.56443026,4.791623325,3.296192189,2024-06-05 18:39:27.694745
296.6947277,51.93165615,4.453765773,-0.4616387058,0.594681025,317.8348521,4.784204097,3.306951495,2024-06-05 18:39:28.694728
